title,creator,date,description,subject,location,latitude,longitude,source,identifier,type,format,language,rights,rightsstatement,object_thumb,object_location,reference_url
"Ernest Rosenthal","","","","Letter; Shape","","","","Devon, Marjorie, ed. 2000. Tamarind: Forty Years. University of New Mexico Press.","","","","","","","http://localhost:4000/objects/10041.png","http://localhost:4000/objects/10041.png",/items/10041.html
"Jeff Ruocco","","","","Shape","","","","Devon, Marjorie, ed. 2000. Tamarind: Forty Years. University of New Mexico Press.","","","","","","","http://localhost:4000/objects/10042.png","http://localhost:4000/objects/10042.png",/items/10042.html
"David Salgado","","","","Shape","","","","Devon, Marjorie, ed. 2000. Tamarind: Forty Years. University of New Mexico Press.","","","","","","","http://localhost:4000/objects/10043.png","http://localhost:4000/objects/10043.png",/items/10043.html
"David Salgado","","","","","","","","","","","","","","","http://localhost:4000/objects/10043-00.png","http://localhost:4000/objects/10043-00.png",/items/10043.html#10043-00
"David Salgado","","","","","","","","","","","","","","","http://localhost:4000/objects/10043-01.png","http://localhost:4000/objects/10043-01.png",/items/10043.html#10043-01
"Maurice Sanchez","","","","Letter; Shape","","","","Devon, Marjorie, ed. 2000. Tamarind: Forty Years. University of New Mexico Press.","","","","","","","http://localhost:4000/objects/10044.png","http://localhost:4000/objects/10044.png",/items/10044.html
"Richard Shore","","","","Shape","","","","Devon, Marjorie, ed. 2000. Tamarind: Forty Years. University of New Mexico Press.","","","","","","","http://localhost:4000/objects/10045.png","http://localhost:4000/objects/10045.png",/items/10045.html
"Daniel &quot;Dan&quot; Socha","","","","Shape","","","","Devon, Marjorie, ed. 2000. Tamarind: Forty Years. University of New Mexico Press.","","","","","","","http://localhost:4000/objects/10046.png","http://localhost:4000/objects/10046.png",/items/10046.html
"Emiliano Sorini","","","","Letter; Shape","","","","Devon, Marjorie, ed. 2000. Tamarind: Forty Years. University of New Mexico Press.","","","","","","","http://localhost:4000/objects/10047.png","http://localhost:4000/objects/10047.png",/items/10047.html
"Donn Steward","","","","Letter","","","","Devon, Marjorie, ed. 2000. Tamarind: Forty Years. University of New Mexico Press.","","","","","","","http://localhost:4000/objects/10048.png","http://localhost:4000/objects/10048.png",/items/10048.html
"Mary Sundstrum","","","","Image","","","","Devon, Marjorie, ed. 2000. Tamarind: Forty Years. University of New Mexico Press.","","","","","","","http://localhost:4000/objects/10049.png","http://localhost:4000/objects/10049.png",/items/10049.html
"Peder Talbert","","","","Shape","","","","Devon, Marjorie, ed. 2000. Tamarind: Forty Years. University of New Mexico Press.","","","","","","","http://localhost:4000/objects/10050.png","http://localhost:4000/objects/10050.png",/items/10050.html
"Larry Thomas","","","","Letter; Shape","","","","Devon, Marjorie, ed. 2000. Tamarind: Forty Years. University of New Mexico Press.","","","","","","","http://localhost:4000/objects/10051.png","http://localhost:4000/objects/10051.png",/items/10051.html
"Emil Weddige","","","","Letter","","","","Devon, Marjorie, ed. 2000. Tamarind: Forty Years. University of New Mexico Press.","","","","","","","http://localhost:4000/objects/10052.png","http://localhost:4000/objects/10052.png",/items/10052.html
"John Will","","","","Word","","","","Devon, Marjorie, ed. 2000. Tamarind: Forty Years. University of New Mexico Press.","","","","","","","http://localhost:4000/objects/10053.png","http://localhost:4000/objects/10053.png",/items/10053.html
"Theo Wujcik","","","","Image","","","","Devon, Marjorie, ed. 2000. Tamarind: Forty Years. University of New Mexico Press.","","","","","","","http://localhost:4000/objects/10054.png","http://localhost:4000/objects/10054.png",/items/10054.html
"Joseph &quot;Joe&quot; Zirker","","","","Letter","","","","Devon, Marjorie, ed. 2000. Tamarind: Forty Years. University of New Mexico Press.","","","","","","","http://localhost:4000/objects/10055.png","http://localhost:4000/objects/10055.png",/items/10055.html
"Wayne Kline","","","","Shape","","","","Devon, Marjorie, ed. 2000. Tamarind: Forty Years. University of New Mexico Press.","","","","","","","http://localhost:4000/objects/10056.png","http://localhost:4000/objects/10056.png",/items/10056.html
"Catherine Kirsch Kuhn","","","","Image","","","","Devon, Marjorie, ed. 2000. Tamarind: Forty Years. University of New Mexico Press.","","","","","","","http://localhost:4000/objects/10057.png","http://localhost:4000/objects/10057.png",/items/10057.html
"Bill Lagattuta","","","","Image","","","","Devon, Marjorie, ed. 2000. Tamarind: Forty Years. University of New Mexico Press.","","","","","","","http://localhost:4000/objects/10058.jpg","http://localhost:4000/objects/10058.jpg",/items/10058.html
"William Law III","","","","Letter","","","","Devon, Marjorie, ed. 2000. Tamarind: Forty Years. University of New Mexico Press.","","","","","","","http://localhost:4000/objects/10059.png","http://localhost:4000/objects/10059.png",/items/10059.html
"Nebojša Lazić","","","","Image","","","","Devon, Marjorie, ed. 2000. Tamarind: Forty Years. University of New Mexico Press.","","","","","","","http://localhost:4000/objects/10060.png","http://localhost:4000/objects/10060.png",/items/10060.html
"Kathleen Leavitt","","","","","","","","Devon, Marjorie, ed. 2000. Tamarind: Forty Years. University of New Mexico Press.","","","","","","","http://localhost:4000/objects/10061.png","http://localhost:4000/objects/10061.png",/items/10061.html
"Jong-Won Lee","","","","","","","","Devon, Marjorie, ed. 2000. Tamarind: Forty Years. University of New Mexico Press.","","","","","","","http://localhost:4000/objects/10062.png","http://localhost:4000/objects/10062.png",/items/10062.html
"Beth Lovendusky","","","","","","","","Devon, Marjorie, ed. 2000. Tamarind: Forty Years. University of New Mexico Press.","","","","","","","http://localhost:4000/objects/10063.png","http://localhost:4000/objects/10063.png",/items/10063.html
"Serge Lozingot","","","","Letter","","","","Devon, Marjorie, ed. 2000. Tamarind: Forty Years. University of New Mexico Press.","","","","","","","http://localhost:4000/objects/10064.png","http://localhost:4000/objects/10064.png",/items/10064.html
"John Maggio","","","","Image","","","","Devon, Marjorie, ed. 2000. Tamarind: Forty Years. University of New Mexico Press.","","","","","","","http://localhost:4000/objects/10065.png","http://localhost:4000/objects/10065.png",/items/10065.html
"Julie Maher","","","","Image","","","","Devon, Marjorie, ed. 2000. Tamarind: Forty Years. University of New Mexico Press.","","","","","","","http://localhost:4000/objects/10066.png","http://localhost:4000/objects/10066.png",/items/10066.html
"Toby Michel","","","","Image","","","","Devon, Marjorie, ed. 2000. Tamarind: Forty Years. University of New Mexico Press.","","","","","","","http://localhost:4000/objects/10067.png","http://localhost:4000/objects/10067.png",/items/10067.html
"Jean Milant","","","","","","","","Devon, Marjorie, ed. 2000. Tamarind: Forty Years. University of New Mexico Press.","","","","","","","http://localhost:4000/objects/10068.png","http://localhost:4000/objects/10068.png",/items/10068.html
"Ko Muto","","","","Image","","","","Devon, Marjorie, ed. 2000. Tamarind: Forty Years. University of New Mexico Press.","","","","","","","http://localhost:4000/objects/10069.png","http://localhost:4000/objects/10069.png",/items/10069.html
"Veda Ozelle","","","","","","","","Devon, Marjorie, ed. 2000. Tamarind: Forty Years. University of New Mexico Press.","","","","","","","http://localhost:4000/objects/10070.png","http://localhost:4000/objects/10070.png",/items/10070.html
"Bruce Porter","","","","","","","","Devon, Marjorie, ed. 2000. Tamarind: Forty Years. University of New Mexico Press.","","","","","","","http://localhost:4000/objects/10071.png","http://localhost:4000/objects/10071.png",/items/10071.html
"Tom Pruitt","","","","Image","","","","Devon, Marjorie, ed. 2000. Tamarind: Forty Years. University of New Mexico Press.","","","","","","","http://localhost:4000/objects/10072.png","http://localhost:4000/objects/10072.png",/items/10072.html
"Margaret Raab","","","","Image","","","","Devon, Marjorie, ed. 2000. Tamarind: Forty Years. University of New Mexico Press.","","","","","","","http://localhost:4000/objects/10073.png","http://localhost:4000/objects/10073.png",/items/10073.html
"Paul Rangell","","","","Image","","","","Devon, Marjorie, ed. 2000. Tamarind: Forty Years. University of New Mexico Press.","","","","","","","http://localhost:4000/objects/10074.png","http://localhost:4000/objects/10074.png",/items/10074.html
"Charles Ringness","","","","Image; Shape","","","","Devon, Marjorie, ed. 2000. Tamarind: Forty Years. University of New Mexico Press.","","","","","","","http://localhost:4000/objects/10075.png","http://localhost:4000/objects/10075.png",/items/10075.html
"Cole Rogers","","","","Image; Shape","","","","Devon, Marjorie, ed. 2000. Tamarind: Forty Years. University of New Mexico Press.","","","","","","","http://localhost:4000/objects/10076.png","http://localhost:4000/objects/10076.png",/items/10076.html
"Jeffrey ‘Jeff’ Ryan","","","","Shape","","","","Devon, Marjorie, ed. 2000. Tamarind: Forty Years. University of New Mexico Press.","","","","","","","http://localhost:4000/objects/10077.png","http://localhost:4000/objects/10077.png",/items/10077.html
"Maria Schleiner","","","","Shape","","","","Devon, Marjorie, ed. 2000. Tamarind: Forty Years. University of New Mexico Press.","","","","","","","http://localhost:4000/objects/10078.png","http://localhost:4000/objects/10078.png",/items/10078.html
"Ben Adams","","","","Image","","","","Devon, Marjorie, ed. 2000. Tamarind: Forty Years. University of New Mexico Press.","","","","","","","http://localhost:4000/objects/10079.png","http://localhost:4000/objects/10079.png",/items/10079.html
"David Afsah-Mohallatee","","","","","","","","Devon, Marjorie, ed. 2000. Tamarind: Forty Years. University of New Mexico Press.","","","","","","","http://localhost:4000/objects/10080.png","http://localhost:4000/objects/10080.png",/items/10080.html
"Graphicstudio USF","","","","Shape","","","","https://www.graphicstudio.org/","","","","","","","http://localhost:4000/objects/10003.jpg","http://localhost:4000/objects/10003.jpg",/items/10003.html
"Conrad Schwable","","","","Shape; Image","","","","Devon, Marjorie, ed. 2000. Tamarind: Forty Years. University of New Mexico Press.","","","","","","","http://localhost:4000/objects/10081.png","http://localhost:4000/objects/10081.png",/items/10081.html
"Timothy Sheesley","","","","Letter","","","","Devon, Marjorie, ed. 2000. Tamarind: Forty Years. University of New Mexico Press.","","","","","","","http://localhost:4000/objects/10082.png","http://localhost:4000/objects/10082.png",/items/10082.html
"Wayne Simpkins","","","","Shape","","","","Devon, Marjorie, ed. 2000. Tamarind: Forty Years. University of New Mexico Press.","","","","","","","http://localhost:4000/objects/10083.png","http://localhost:4000/objects/10083.png",/items/10083.html
"Jeffrey Sippel","","","","Shape","","","","Devon, Marjorie, ed. 2000. Tamarind: Forty Years. University of New Mexico Press.","","","","","","","http://localhost:4000/objects/10084.png","http://localhost:4000/objects/10084.png",/items/10084.html
"Clifford Smith","","","","Letter; Shape","","","","Devon, Marjorie, ed. 2000. Tamarind: Forty Years. University of New Mexico Press.","","","","","","","http://localhost:4000/objects/10085.png","http://localhost:4000/objects/10085.png",/items/10085.html
"Judith Solodkin","","","","Shape","","","","Devon, Marjorie, ed. 2000. Tamarind: Forty Years. University of New Mexico Press.","","","","","","","http://localhost:4000/objects/10086.png","http://localhost:4000/objects/10086.png",/items/10086.html
"John Sommers","","","","Image","","","","Devon, Marjorie, ed. 2000. Tamarind: Forty Years. University of New Mexico Press.","","","","","","","http://localhost:4000/objects/10087.png","http://localhost:4000/objects/10087.png",/items/10087.html
"Molly Jo Souders","","","","Shape","","","","Devon, Marjorie, ed. 2000. Tamarind: Forty Years. University of New Mexico Press.","","","","","","","http://localhost:4000/objects/10088.png","http://localhost:4000/objects/10088.png",/items/10088.html
"Anthony Stoeveken","","","","Letter; Shape","","","","Devon, Marjorie, ed. 2000. Tamarind: Forty Years. University of New Mexico Press.","","","","","","","http://localhost:4000/objects/10089.png","http://localhost:4000/objects/10089.png",/items/10089.html
"Eugene Sturman","","","","Shape","","","","Devon, Marjorie, ed. 2000. Tamarind: Forty Years. University of New Mexico Press.","","","","","","","http://localhost:4000/objects/10090.png","http://localhost:4000/objects/10090.png",/items/10090.html
"Anya Syzkitka","","","","Image","","","","Devon, Marjorie, ed. 2000. Tamarind: Forty Years. University of New Mexico Press.","","","","","","","http://localhost:4000/objects/10091.png","http://localhost:4000/objects/10091.png",/items/10091.html
"Hitoshi Takatsuki","","","","","","","","Devon, Marjorie, ed. 2000. Tamarind: Forty Years. University of New Mexico Press.","","","","","","","http://localhost:4000/objects/10092.png","http://localhost:4000/objects/10092.png",/items/10092.html
"Barbara Telleen","","","","Letter","","","","Devon, Marjorie, ed. 2000. Tamarind: Forty Years. University of New Mexico Press.","","","","","","","http://localhost:4000/objects/10093.png","http://localhost:4000/objects/10093.png",/items/10093.html
"Frances Thiel","","","","Image","","","","Devon, Marjorie, ed. 2000. Tamarind: Forty Years. University of New Mexico Press.","","","","","","","http://localhost:4000/objects/10094.png","http://localhost:4000/objects/10094.png",/items/10094.html
"David Trowbridge","","","","Shape","","","","Devon, Marjorie, ed. 2000. Tamarind: Forty Years. University of New Mexico Press.","","","","","","","http://localhost:4000/objects/10095.png","http://localhost:4000/objects/10095.png",/items/10095.html
"Kenneth Tyler","","","","Letter; Shape","","","","Devon, Marjorie, ed. 2000. Tamarind: Forty Years. University of New Mexico Press.","","","","","","","http://localhost:4000/objects/10096.png","http://localhost:4000/objects/10096.png",/items/10096.html
"Sacha P. Welborn","","","","","","","","Devon, Marjorie, ed. 2000. Tamarind: Forty Years. University of New Mexico Press.","","","","","","","http://localhost:4000/objects/10097.png","http://localhost:4000/objects/10097.png",/items/10097.html
"Harry Westlund","","","","Image; Shape","","","","Devon, Marjorie, ed. 2000. Tamarind: Forty Years. University of New Mexico Press.","","","","","","","http://localhost:4000/objects/10098.png","http://localhost:4000/objects/10098.png",/items/10098.html
"S. Tracy White","","","","Shape","","","","Devon, Marjorie, ed. 2000. Tamarind: Forty Years. University of New Mexico Press.","","","","","","","http://localhost:4000/objects/10099.png","http://localhost:4000/objects/10099.png",/items/10099.html
"Ross Zirkle","","","","Shape","","","","Devon, Marjorie, ed. 2000. Tamarind: Forty Years. University of New Mexico Press.","","","","","","","http://localhost:4000/objects/10100.png","http://localhost:4000/objects/10100.png",/items/10100.html
"Kinji Akagawa","","","","Letter; Shape","","","","Devon, Marjorie, ed. 2000. Tamarind: Forty Years. University of New Mexico Press.","","","","","","","http://localhost:4000/objects/10101.png","http://localhost:4000/objects/10101.png",/items/10101.html
"Frank Akers","","","","Shape","","","","Devon, Marjorie, ed. 2000. Tamarind: Forty Years. University of New Mexico Press.","","","","","","","http://localhost:4000/objects/10102.png","http://localhost:4000/objects/10102.png",/items/10102.html
"Lloyd Baggs","","","","Letter; Shape","","","","Devon, Marjorie, ed. 2000. Tamarind: Forty Years. University of New Mexico Press.","","","","","","","http://localhost:4000/objects/10103.png","http://localhost:4000/objects/10103.png",/items/10103.html
"Jon Beckley","","","","Letter","","","","Devon, Marjorie, ed. 2000. Tamarind: Forty Years. University of New Mexico Press.","","","","","","","http://localhost:4000/objects/10104.png","http://localhost:4000/objects/10104.png",/items/10104.html
"Frank Berkenkotter","","","","Letter","","","","Devon, Marjorie, ed. 2000. Tamarind: Forty Years. University of New Mexico Press.","","","","","","","http://localhost:4000/objects/10105.png","http://localhost:4000/objects/10105.png",/items/10105.html
"Robert Bigelow","","","","Letter","","","","Devon, Marjorie, ed. 2000. Tamarind: Forty Years. University of New Mexico Press.","","","","","","","http://localhost:4000/objects/10106.png","http://localhost:4000/objects/10106.png",/items/10106.html
"Robert Blanchard","","","","Letter","","","","Devon, Marjorie, ed. 2000. Tamarind: Forty Years. University of New Mexico Press.","","","","","","","http://localhost:4000/objects/10107.png","http://localhost:4000/objects/10107.png",/items/10107.html
"Bernard Bleha","","","","Letter","","","","Devon, Marjorie, ed. 2000. Tamarind: Forty Years. University of New Mexico Press.","","","","","","","http://localhost:4000/objects/10108.png","http://localhost:4000/objects/10108.png",/items/10108.html
"John Butke","","","","Letter","","","","Devon, Marjorie, ed. 2000. Tamarind: Forty Years. University of New Mexico Press.","","","","","","","http://localhost:4000/objects/10109.png","http://localhost:4000/objects/10109.png",/items/10109.html
"Wesley Chamberlin","","","","Letter","","","","Devon, Marjorie, ed. 2000. Tamarind: Forty Years. University of New Mexico Press.","","","","","","","http://localhost:4000/objects/10110.png","http://localhost:4000/objects/10110.png",/items/10110.html
"John E. Dowell Jr.","","","","Letter","","","","Devon, Marjorie, ed. 2000. Tamarind: Forty Years. University of New Mexico Press.","","","","","","","http://localhost:4000/objects/10111.png","http://localhost:4000/objects/10111.png",/items/10111.html
"Tamarind Institute","","","","Shape","","","","","","","","","","","http://localhost:4000/objects/10001.png","http://localhost:4000/objects/10001.png",/items/10001.html
"Tamarind Institute","","","","","","","","","","","","","","","http://localhost:4000/objects/10001.png","http://localhost:4000/objects/10001.png",/items/10001.html#10001
"Tamarind Institute","","","","","","","","","","","","","","","http://localhost:4000/objects/10001-01.jpg","http://localhost:4000/objects/10001-01.jpg",/items/10001.html#10001-01
"Tamarind Institute","","","","","","","","","","","","","","","http://localhost:4000/objects/10001-02.jpg","http://localhost:4000/objects/10001-02.jpg",/items/10001.html#10001-02
"Teaberry Press","","","","Shape; Word","","","","","","","","","","","http://localhost:4000/objects/10014.jpg","http://localhost:4000/objects/10014.jpg",/items/10014.html
"Styria Studio","","","","Image; Word","","","","","","","","","","","http://localhost:4000/objects/10004.jpg","http://localhost:4000/objects/10004.jpg",/items/10004.html
"Gemini G.E.L.","","","","Shape","","","","","","","","","","","http://localhost:4000/objects/10006.jpeg","http://localhost:4000/objects/10006.jpeg",/items/10006.html
"Chiron Press","","","","Word","","","","","","","","","","","http://localhost:4000/objects/10010.jpg","http://localhost:4000/objects/10010.jpg",/items/10010.html
"London Arts Group","","","","Letter; Shape","","","","","","","","","","","http://localhost:4000/objects/10015.jpg","http://localhost:4000/objects/10015.jpg",/items/10015.html
"Taller de Gráfica Mexicana","","","","Letter","","","","","","","","","","","http://localhost:4000/objects/10013.jpeg","http://localhost:4000/objects/10013.jpeg",/items/10013.html
"Tandem Press","","","","Letter","","","","","","","","","","","http://localhost:4000/objects/10005.jpeg","http://localhost:4000/objects/10005.jpeg",/items/10005.html
"Lower East Side Printshop","","","","Image","","","","","","","","","","","http://localhost:4000/objects/10011.jpeg","http://localhost:4000/objects/10011.jpeg",/items/10011.html
"Goya-Girl Press","","","","Image","","","","","","","","","","","http://localhost:4000/objects/10016.jpg","http://localhost:4000/objects/10016.jpg",/items/10016.html
"The Artist&#39;s Press","","","","Letter","","","","","","","","","","","http://localhost:4000/objects/10012.jpeg","http://localhost:4000/objects/10012.jpeg",/items/10012.html
"Kaye Dyal","","","","Letter","","","","Devon, Marjorie, ed. 2000. Tamarind: Forty Years. University of New Mexico Press.","","","","","","","http://localhost:4000/objects/10112.png","http://localhost:4000/objects/10112.png",/items/10112.html
"Erwin Erickson","","","","Shape","","","","Devon, Marjorie, ed. 2000. Tamarind: Forty Years. University of New Mexico Press.","","","","","","","http://localhost:4000/objects/10113.png","http://localhost:4000/objects/10113.png",/items/10113.html
"Robert &quot;Bob&quot; Evermon","","","","Letter; Shape","","","","Devon, Marjorie, ed. 2000. Tamarind: Forty Years. University of New Mexico Press.","","","","","","","http://localhost:4000/objects/10114.png","http://localhost:4000/objects/10114.png",/items/10114.html
"Jurgen Fischer","","","","Letter; Shape","","","","Devon, Marjorie, ed. 2000. Tamarind: Forty Years. University of New Mexico Press.","","","","","","","http://localhost:4000/objects/10115.png","http://localhost:4000/objects/10115.png",/items/10115.html
"Manuel Fuentes","","","","Letter; Shape","","","","Devon, Marjorie, ed. 2000. Tamarind: Forty Years. University of New Mexico Press.","","","","","","","http://localhost:4000/objects/10116.png","http://localhost:4000/objects/10116.png",/items/10116.html
"Joe Funk","","","","Letter; Shape","","","","Devon, Marjorie, ed. 2000. Tamarind: Forty Years. University of New Mexico Press.","","","","","","","http://localhost:4000/objects/10117.png","http://localhost:4000/objects/10117.png",/items/10117.html
"Walter Gabrielson","","","","Letter","","","","Devon, Marjorie, ed. 2000. Tamarind: Forty Years. University of New Mexico Press.","","","","","","","http://localhost:4000/objects/10118.png","http://localhost:4000/objects/10118.png",/items/10118.html
"Robert Gardner","","","","Letter","","","","Devon, Marjorie, ed. 2000. Tamarind: Forty Years. University of New Mexico Press.","","","","","","","http://localhost:4000/objects/10119.png","http://localhost:4000/objects/10119.png",/items/10119.html
"Fred Genis","","","","Image","","","","Devon, Marjorie, ed. 2000. Tamarind: Forty Years. University of New Mexico Press.","","","","","","","http://localhost:4000/objects/10120.png","http://localhost:4000/objects/10120.png",/items/10120.html
"Landfall Press","","","","Letter; Shape","","","","","","","","","","","http://localhost:4000/objects/10007.jpg","http://localhost:4000/objects/10007.jpg",/items/10007.html
"Bank Street Atelier","","","","Image; Letter","","","","","","","","","","","http://localhost:4000/objects/10017.JPEG","http://localhost:4000/objects/10017.JPEG",/items/10017.html
"SOLO Impression","","","","Image","","","","","","","","","","","http://localhost:4000/objects/10018.jpeg","http://localhost:4000/objects/10018.jpeg",/items/10018.html
"Ronald Glassman","","","","Image; Shape","","","","Devon, Marjorie, ed. 2000. Tamarind: Forty Years. University of New Mexico Press.","","","","","","","http://localhost:4000/objects/10121.png","http://localhost:4000/objects/10121.png",/items/10121.html
"Bohuslav Horak","","","","Letter","","","","Devon, Marjorie, ed. 2000. Tamarind: Forty Years. University of New Mexico Press.","","","","","","","http://localhost:4000/objects/10122.png","http://localhost:4000/objects/10122.png",/items/10122.html
"Brand X Editions","","","","Letter","","","","","","","","","","","http://localhost:4000/objects/10009.png","http://localhost:4000/objects/10009.png",/items/10009.html
"Edward Hughes","","","","Letter; Shape","","","","Devon, Marjorie, ed. 2000. Tamarind: Forty Years. University of New Mexico Press.","","","","","","","http://localhost:4000/objects/10123.png","http://localhost:4000/objects/10123.png",/items/10123.html
"Harold Emerson Keeler","","","","Letter","","","","Devon, Marjorie, ed. 2000. Tamarind: Forty Years. University of New Mexico Press.","","","","","","","http://localhost:4000/objects/10124.png","http://localhost:4000/objects/10124.png",/items/10124.html
"Donald Kelley","","","","Image","","","","Devon, Marjorie, ed. 2000. Tamarind: Forty Years. University of New Mexico Press.","","","","","","","http://localhost:4000/objects/10125.png","http://localhost:4000/objects/10125.png",/items/10125.html
"Douglas Kendrick","","","","Letter; Shape","","","","Devon, Marjorie, ed. 2000. Tamarind: Forty Years. University of New Mexico Press.","","","","","","","http://localhost:4000/objects/10126.png","http://localhost:4000/objects/10126.png",/items/10126.html
"Don Kinner","","","","Image","","","","Devon, Marjorie, ed. 2000. Tamarind: Forty Years. University of New Mexico Press.","","","","","","","http://localhost:4000/objects/10127.png","http://localhost:4000/objects/10127.png",/items/10127.html
"Michael Knigin","","","","Letter","","","","Devon, Marjorie, ed. 2000. Tamarind: Forty Years. University of New Mexico Press.","","","","","","","http://localhost:4000/objects/10128.png","http://localhost:4000/objects/10128.png",/items/10128.html
"Anthony Ko","","","","Shape","","","","Devon, Marjorie, ed. 2000. Tamarind: Forty Years. University of New Mexico Press.","","","","","","","http://localhost:4000/objects/10129.png","http://localhost:4000/objects/10129.png",/items/10129.html
"Aris Koutroulis","","","","Letter","","","","Devon, Marjorie, ed. 2000. Tamarind: Forty Years. University of New Mexico Press.","","","","","","","http://localhost:4000/objects/10130.png","http://localhost:4000/objects/10130.png",/items/10130.html
"Ron Kraver","","","","Letter","","","","Devon, Marjorie, ed. 2000. Tamarind: Forty Years. University of New Mexico Press.","","","","","","","http://localhost:4000/objects/10131.png","http://localhost:4000/objects/10131.png",/items/10131.html
"Ian Lawson","","","","Shape","","","","Devon, Marjorie, ed. 2000. Tamarind: Forty Years. University of New Mexico Press.","","","","","","","http://localhost:4000/objects/10132.png","http://localhost:4000/objects/10132.png",/items/10132.html
"Chen Lok Lee","","","","Image","","","","Devon, Marjorie, ed. 2000. Tamarind: Forty Years. University of New Mexico Press.","","","","","","","http://localhost:4000/objects/10133.png","http://localhost:4000/objects/10133.png",/items/10133.html
"Jason Leese","","","","Letter","","","","Devon, Marjorie, ed. 2000. Tamarind: Forty Years. University of New Mexico Press.","","","","","","","http://localhost:4000/objects/10134.png","http://localhost:4000/objects/10134.png",/items/10134.html
"Jack Lemon","","","","Letter","","","","Devon, Marjorie, ed. 2000. Tamarind: Forty Years. University of New Mexico Press.","","","","","","","http://localhost:4000/objects/10135.png","http://localhost:4000/objects/10135.png",/items/10135.html
"Bruce Lowney","","","","Shape","","","","Devon, Marjorie, ed. 2000. Tamarind: Forty Years. University of New Mexico Press.","","","","","","","http://localhost:4000/objects/10136.png","http://localhost:4000/objects/10136.png",/items/10136.html
"William Masi","","","","Image","","","","Devon, Marjorie, ed. 2000. Tamarind: Forty Years. University of New Mexico Press.","","","","","","","http://localhost:4000/objects/10137.png","http://localhost:4000/objects/10137.png",/items/10137.html
"George Miyasaki","","","","Letter","","","","Devon, Marjorie, ed. 2000. Tamarind: Forty Years. University of New Mexico Press.","","","","","","","http://localhost:4000/objects/10138.png","http://localhost:4000/objects/10138.png",/items/10138.html
"Lynne Allen","","","","Image","","","","Devon, Marjorie, ed. 2000. Tamarind: Forty Years. University of New Mexico Press.","","","","","","","http://localhost:4000/objects/10139.png","http://localhost:4000/objects/10139.png",/items/10139.html
"Lynne Allen (in use after June 1982)","","","","Image","","","","Devon, Marjorie, ed. 2000. Tamarind: Forty Years. University of New Mexico Press.","","","","","","","http://localhost:4000/objects/10139-00.png","http://localhost:4000/objects/10139-00.png",/items/10139.html#10139-00
"Lynne Allen (in use 1980-1982)","","","","","","","","","","","","","","","http://localhost:4000/objects/10139-01.png","http://localhost:4000/objects/10139-01.png",/items/10139.html#10139-01
"Sarah Amos","","","","Image","","","","Devon, Marjorie, ed. 2000. Tamarind: Forty Years. University of New Mexico Press.","","","","","","","http://localhost:4000/objects/10140.png","http://localhost:4000/objects/10140.png",/items/10140.html
"Garo Antreasian","","","","Letter","","","","Devon, Marjorie, ed. 2000. Tamarind: Forty Years. University of New Mexico Press.","","","","","","","http://localhost:4000/objects/10141.png","http://localhost:4000/objects/10141.png",/items/10141.html
"John Muench","","","","Letter","","","","Devon, Marjorie, ed. 2000. Tamarind: Forty Years. University of New Mexico Press.","","","","","","","http://localhost:4000/objects/10142.png","http://localhost:4000/objects/10142.png",/items/10142.html
"Kenjilo Nanao","","","","Shape","","","","Devon, Marjorie, ed. 2000. Tamarind: Forty Years. University of New Mexico Press.","","","","","","","http://localhost:4000/objects/10143.png","http://localhost:4000/objects/10143.png",/items/10143.html
"Richard Newlin","","","","Image","","","","Devon, Marjorie, ed. 2000. Tamarind: Forty Years. University of New Mexico Press.","","","","","","","http://localhost:4000/objects/10144.png","http://localhost:4000/objects/10144.png",/items/10144.html
"Thom O’Connor","","","","Letter","","","","Devon, Marjorie, ed. 2000. Tamarind: Forty Years. University of New Mexico Press.","","","","","","","http://localhost:4000/objects/10145.png","http://localhost:4000/objects/10145.png",/items/10145.html
"James Reed","","","","Shape","","","","Devon, Marjorie, ed. 2000. Tamarind: Forty Years. University of New Mexico Press.","","","","","","","http://localhost:4000/objects/10146.png","http://localhost:4000/objects/10146.png",/items/10146.html
"Donald Roberts","","","","Letter","","","","Devon, Marjorie, ed. 2000. Tamarind: Forty Years. University of New Mexico Press.","","","","","","","http://localhost:4000/objects/10147.png","http://localhost:4000/objects/10147.png",/items/10147.html
"John Rock","","","","Letter","","","","Devon, Marjorie, ed. 2000. Tamarind: Forty Years. University of New Mexico Press.","","","","","","","http://localhost:4000/objects/10148.png","http://localhost:4000/objects/10148.png",/items/10148.html
"Robert Rogers","","","","Letter","","","","Devon, Marjorie, ed. 2000. Tamarind: Forty Years. University of New Mexico Press.","","","","","","","http://localhost:4000/objects/10149.png","http://localhost:4000/objects/10149.png",/items/10149.html
"Lothar Osterburg","","","","Letter","","","","","","","","","","","http://localhost:4000/objects/10150.png","http://localhost:4000/objects/10150.png",/items/10150.html
"Robert Arber","","","","Shape","","","","Devon, Marjorie, ed. 2000. Tamarind: Forty Years. University of New Mexico Press.","","","","","","","http://localhost:4000/objects/10151.png","http://localhost:4000/objects/10151.png",/items/10151.html
"Christopher Armijo","","","","Image","","","","Devon, Marjorie, ed. 2000. Tamarind: Forty Years. University of New Mexico Press.","","","","","","","http://localhost:4000/objects/10152.png","http://localhost:4000/objects/10152.png",/items/10152.html
"Mark Attwood","","","","Letter","","","","Devon, Marjorie, ed. 2000. Tamarind: Forty Years. University of New Mexico Press.","","","","","","","http://localhost:4000/objects/10153.png","http://localhost:4000/objects/10153.png",/items/10153.html
"Joy Purmal Baker","","","","","","","","Devon, Marjorie, ed. 2000. Tamarind: Forty Years. University of New Mexico Press.","","","","","","","http://localhost:4000/objects/10154.png","http://localhost:4000/objects/10154.png",/items/10154.html
"Lynn Baker","","","","Image","","","","Devon, Marjorie, ed. 2000. Tamarind: Forty Years. University of New Mexico Press.","","","","","","","http://localhost:4000/objects/10155.jpg","http://localhost:4000/objects/10155.jpg",/items/10155.html
"Lynn Baker","","","","Image","","","","Devon, Marjorie, ed. 2000. Tamarind: Forty Years. University of New Mexico Press.","","","","","","","http://localhost:4000/objects/10155-00.png","http://localhost:4000/objects/10155-00.png",/items/10155.html#10155-00
"Lynn Baker","","","","Image","","","","Devon, Marjorie, ed. 2000. Tamarind: Forty Years. University of New Mexico Press.","","","","","","","http://localhost:4000/objects/10155-01.jpg","http://localhost:4000/objects/10155-01.jpg",/items/10155.html#10155-01
"Karen Beckwith","","","","Image; Shape","","","","Devon, Marjorie, ed. 2000. Tamarind: Forty Years. University of New Mexico Press.","","","","","","","http://localhost:4000/objects/10156.png","http://localhost:4000/objects/10156.png",/items/10156.html
"Melissa Katzman Braggins","","","","Shape","","","","Devon, Marjorie, ed. 2000. Tamarind: Forty Years. University of New Mexico Press.","","","","","","","http://localhost:4000/objects/10157.png","http://localhost:4000/objects/10157.png",/items/10157.html
"Glenn Brill","","","","Image","","","","Devon, Marjorie, ed. 2000. Tamarind: Forty Years. University of New Mexico Press.","","","","","","","http://localhost:4000/objects/10158.png","http://localhost:4000/objects/10158.png",/items/10158.html
"Stephen (Steve) Britko","","","","Letter","","","","Devon, Marjorie, ed. 2000. Tamarind: Forty Years. University of New Mexico Press.","","","","","","","http://localhost:4000/objects/10159.png","http://localhost:4000/objects/10159.png",/items/10159.html
"Marcia Brown","","","","Shape","","","","Devon, Marjorie, ed. 2000. Tamarind: Forty Years. University of New Mexico Press.","","","","","","","http://localhost:4000/objects/10160.png","http://localhost:4000/objects/10160.png",/items/10160.html
"Alexa Burns","","","","Shape","","","","Devon, Marjorie, ed. 2000. Tamarind: Forty Years. University of New Mexico Press.","","","","","","","http://localhost:4000/objects/10161.png","http://localhost:4000/objects/10161.png",/items/10161.html
"Catherine Chauvin","","","","Shape","","","","Devon, Marjorie, ed. 2000. Tamarind: Forty Years. University of New Mexico Press.","","","","","","","http://localhost:4000/objects/10162.png","http://localhost:4000/objects/10162.png",/items/10162.html
"Paul Clinton","","","","Image","","","","Devon, Marjorie, ed. 2000. Tamarind: Forty Years. University of New Mexico Press.","","","","","","","http://localhost:4000/objects/10163.png","http://localhost:4000/objects/10163.png",/items/10163.html
"Christopher Cordes","","","","Image","","","","Devon, Marjorie, ed. 2000. Tamarind: Forty Years. University of New Mexico Press.","","","","","","","http://localhost:4000/objects/10164.png","http://localhost:4000/objects/10164.png",/items/10164.html
"","","","","","","","","","","","","","","","http://localhost:4000/objects/10164-00.png","http://localhost:4000/objects/10164-00.png",/items/10164.html#10164-00
"","","","","","","","","","","","","","","","http://localhost:4000/objects/10164-01.jpg","http://localhost:4000/objects/10164-01.jpg",/items/10164.html#10164-01
"Craig Cornwall","","","","Shape","","","","Devon, Marjorie, ed. 2000. Tamarind: Forty Years. University of New Mexico Press.","","","","","","","http://localhost:4000/objects/10165.png","http://localhost:4000/objects/10165.png",/items/10165.html
"Russell James Craig","","","","Image","","","","Devon, Marjorie, ed. 2000. Tamarind: Forty Years. University of New Mexico Press.","","","","","","","http://localhost:4000/objects/10166.png","http://localhost:4000/objects/10166.png",/items/10166.html
"Paul Croft","","","","Shape","","","","Devon, Marjorie, ed. 2000. Tamarind: Forty Years. University of New Mexico Press.","","","","","","","http://localhost:4000/objects/10167.png","http://localhost:4000/objects/10167.png",/items/10167.html
"Ernest de Soto","","","","Letter","","","","Devon, Marjorie, ed. 2000. Tamarind: Forty Years. University of New Mexico Press.","","","","","","","http://localhost:4000/objects/10168.png","http://localhost:4000/objects/10168.png",/items/10168.html
"Marlys Dietrick","","","","Image","","","","Devon, Marjorie, ed. 2000. Tamarind: Forty Years. University of New Mexico Press.","","","","","","","http://localhost:4000/objects/10169.png","http://localhost:4000/objects/10169.png",/items/10169.html
"David Folkman","","","","Letter","","","","Devon, Marjorie, ed. 2000. Tamarind: Forty Years. University of New Mexico Press.","","","","","","","http://localhost:4000/objects/10170.png","http://localhost:4000/objects/10170.png",/items/10170.html
"Collector&#39;s Press","","","","Letter","","","","https://tamarind.unm.edu/timeline/ernest-de-soto-founds-collectors-press-in-san-francisco-followed-by-de-soto-workshop/","","","","","","","http://localhost:4000/objects/10008.jpg","http://localhost:4000/objects/10008.jpg",/items/10008.html
"Verlag der Dichtung","","","","Letter; Shape","","","","https://www.moma.org/s/ge/collection_ge/artist/artist_id-34747_role-3_thumbs.html","","","","","","","http://localhost:4000/objects/10171.jpg","http://localhost:4000/objects/10171.jpg",/items/10171.html
"Eileen Foti","","","","Image","","","","Devon, Marjorie, ed. 2000. Tamarind: Forty Years. University of New Mexico Press.","","","","","","","http://localhost:4000/objects/10172.png","http://localhost:4000/objects/10172.png",/items/10172.html
"Todd Frye","","","","Letter; Shape","","","","Devon, Marjorie, ed. 2000. Tamarind: Forty Years. University of New Mexico Press.","","","","","","","http://localhost:4000/objects/10173.png","http://localhost:4000/objects/10173.png",/items/10173.html
"Randy Gibbs","","","","Image","","","","Devon, Marjorie, ed. 2000. Tamarind: Forty Years. University of New Mexico Press.","","","","","","","http://localhost:4000/objects/10174.png","http://localhost:4000/objects/10174.png",/items/10174.html
"Amy Goodman","","","","Shape","","","","Devon, Marjorie, ed. 2000. Tamarind: Forty Years. University of New Mexico Press.","","","","","","","http://localhost:4000/objects/10175.png","http://localhost:4000/objects/10175.png",/items/10175.html
"Erica Guttenschwager","","","","Shape","","","","Devon, Marjorie, ed. 2000. Tamarind: Forty Years. University of New Mexico Press.","","","","","","","http://localhost:4000/objects/10176.png","http://localhost:4000/objects/10176.png",/items/10176.html
"Brian Haberman","","","","Image","","","","Devon, Marjorie, ed. 2000. Tamarind: Forty Years. University of New Mexico Press.","","","","","","","http://localhost:4000/objects/10177.png","http://localhost:4000/objects/10177.png",/items/10177.html
"William Haberman","","","","Shape","","","","Devon, Marjorie, ed. 2000. Tamarind: Forty Years. University of New Mexico Press.","","","","","","","http://localhost:4000/objects/10178.png","http://localhost:4000/objects/10178.png",/items/10178.html
"Russell Hamilton","","","","Image","","","","Devon, Marjorie, ed. 2000. Tamarind: Forty Years. University of New Mexico Press.","","","","","","","http://localhost:4000/objects/10179.png","http://localhost:4000/objects/10179.png",/items/10179.html
"Rodney Hamon","","","","Letter; Shape","","","","Devon, Marjorie, ed. 2000. Tamarind: Forty Years. University of New Mexico Press.","","","","","","","http://localhost:4000/objects/10180.png","http://localhost:4000/objects/10180.png",/items/10180.html
"Heather Hoover","","","","Image; Shape","","","","Devon, Marjorie, ed. 2000. Tamarind: Forty Years. University of New Mexico Press.","","","","","","","http://localhost:4000/objects/10181.png","http://localhost:4000/objects/10181.png",/items/10181.html
"John Hutcheson","","","","Image","","","","Devon, Marjorie, ed. 2000. Tamarind: Forty Years. University of New Mexico Press.","","","","","","","http://localhost:4000/objects/10182.png","http://localhost:4000/objects/10182.png",/items/10182.html
"American Atelier","","","","Shape","","","","Corlett, Mary Lee. The prints of Roy Lichtenstein: A catalogue raisonné, 1948-1997. New York, WA, D.C.: Hudson Hills Press : in association with the National Gallery of Art, 2002.","","","","","","","http://localhost:4000/objects/10183.png","http://localhost:4000/objects/10183.png",/items/10183.html
"Edition Domberger Columbus","","","","Word; Image","","","","Corlett, Mary Lee. The prints of Roy Lichtenstein: A catalogue raisonné, 1948-1997. New York, WA, D.C.: Hudson Hills Press : in association with the National Gallery of Art, 2002.","","","","","","","http://localhost:4000/objects/10184.png","http://localhost:4000/objects/10184.png",/items/10184.html
"Richard Feigen Graphics","","","","Letter","","","","Corlett, Mary Lee. The prints of Roy Lichtenstein: A catalogue raisonné, 1948-1997. New York, WA, D.C.: Hudson Hills Press : in association with the National Gallery of Art, 2002.","","","","","","","http://localhost:4000/objects/10185.png","http://localhost:4000/objects/10185.png",/items/10185.html
"Ives-Sillman","","","","Shape","","","","Corlett, Mary Lee. The prints of Roy Lichtenstein: A catalogue raisonné, 1948–1997. New York, WA, D.C.: Hudson Hills Press : in association with the National Gallery of Art, 2002.","","","","","","","http://localhost:4000/objects/10186.png","http://localhost:4000/objects/10186.png",/items/10186.html
"Gabriele Mazzotta Editore","","","","Word","","","","Corlett, Mary Lee. The prints of Roy Lichtenstein: A catalogue raisonné, 1948-1997. New York, WA, D.C.: Hudson Hills Press : in association with the National Gallery of Art, 2002.","","","","","","","http://localhost:4000/objects/10187.png","http://localhost:4000/objects/10187.png",/items/10187.html
"The Mezzanine Gallery, Metropolitan Museum of Art","","","","Word","","","","Corlett, Mary Lee. The prints of Roy Lichtenstein: A catalogue raisonné, 1948-1997. New York, WA, D.C.: Hudson Hills Press : in association with the National Gallery of Art, 2002.","","","","","","","http://localhost:4000/objects/10188.png","http://localhost:4000/objects/10188.png",/items/10188.html
"Irwin Hollander","","","","Letter","","","","Devon, Marjorie, ed. 2000. Tamarind: Forty Years. University of New Mexico Press.","","","","","","","http://localhost:4000/objects/10189.png","http://localhost:4000/objects/10189.png",/items/10189.html
"ProCreations","","","","Letter; Shape","","","","Corlett, Mary Lee. The prints of Roy Lichtenstein: A catalogue raisonné, 1948-1997. New York, WA, D.C.: Hudson Hills Press : in association with the National Gallery of Art, 2002.","","","","","","","http://localhost:4000/objects/10190.png","http://localhost:4000/objects/10190.png",/items/10190.html
"Saff Tech Arts","","","","Letter; Image; Shape","","","","Corlett, Mary Lee. The prints of Roy Lichtenstein: A catalogue raisonné, 1948-1997. New York, WA, D.C.: Hudson Hills Press : in association with the National Gallery of Art, 2002.","","","","","","","http://localhost:4000/objects/10191.png","http://localhost:4000/objects/10191.png",/items/10191.html
"Saff and Company","","","","Word","","","","Corlett, Mary Lee. The prints of Roy Lichtenstein: A catalogue raisonné, 1948-1997. New York, WA, D.C.: Hudson Hills Press : in association with the National Gallery of Art, 2002.","","","","","","","http://localhost:4000/objects/10192.png","http://localhost:4000/objects/10192.png",/items/10192.html
"James Stroud + Center Street Studio","","","","Image","","","","","","","","","","","http://localhost:4000/objects/10193.jpeg","http://localhost:4000/objects/10193.jpeg",/items/10193.html
"Tanglewood Press","","","","Letter","","","","Corlett, Mary Lee. The prints of Roy Lichtenstein: A catalogue raisonné, 1948-1997. New York, WA, D.C.: Hudson Hills Press : in association with the National Gallery of Art, 2002.","","","","","","","http://localhost:4000/objects/10194.png","http://localhost:4000/objects/10194.png",/items/10194.html
"Tyler Graphics","","","","Image; Shape","","","","Corlett, Mary Lee. The prints of Roy Lichtenstein: A catalogue raisonné, 1948-1997. New York, WA, D.C.: Hudson Hills Press : in association with the National Gallery of Art, 2002.","","","","","","","http://localhost:4000/objects/10195.png","http://localhost:4000/objects/10195.png",/items/10195.html
"Washington University&#39;s Collaborative Printmaking Workshop (renamed Island Press)","","","","Letter","","","","Corlett, Mary Lee. The prints of Roy Lichtenstein: A catalogue raisonné, 1948-1997. New York, WA, D.C.: Hudson Hills Press : in association with the National Gallery of Art, 2002.","","","","","","","http://localhost:4000/objects/10196.png","http://localhost:4000/objects/10196.png",/items/10196.html
"Beth Van Hoesen","","","","Letter","","","","Fogarty, Lori, Bruce W. Pepich and Bob Hicks. Beth Van Hoesen: Catalogue Raisonné of Limited-Edition Prints, Books, and Portfolios. Lucia Marquand, 2011.","","","","","","","http://localhost:4000/objects/10197.png","http://localhost:4000/objects/10197.png",/items/10197.html
"Patricia Branstead","","","","Word; Image","","","","Fogarty, Lori, Bruce W. Pepich and Bob Hicks. Beth Van Hoesen: Catalogue Raisonné of Limited-Edition Prints, Books, and Portfolios. Lucia Marquand, 2011.","","","","","","","http://localhost:4000/objects/10198.png","http://localhost:4000/objects/10198.png",/items/10198.html
"Kathan Brown","","","","Letter","","","","Fogarty, Lori, Bruce W. Pepich and Bob Hicks. Beth Van Hoesen: Catalogue Raisonné of Limited-Edition Prints, Books, and Portfolios. Lucia Marquand, 2011.","","","","","","","http://localhost:4000/objects/10199.png","http://localhost:4000/objects/10199.png",/items/10199.html
"El Dorado Press","","","","Shape","","","","Fogarty, Lori, Bruce W. Pepich and Bob Hicks. Beth Van Hoesen: Catalogue Raisonné of Limited-Edition Prints, Books, and Portfolios. Lucia Marquand, 2011.","","","","","","","http://localhost:4000/objects/10200.png","http://localhost:4000/objects/10200.png",/items/10200.html
"Universal Limited Art Editions","","","","Letter","","","","","","","","","","","http://localhost:4000/objects/10019.png","http://localhost:4000/objects/10019.png",/items/10019.html
"Universal Limited Art Editions","","","","Letter","","","","","","","","","","","http://localhost:4000/objects/10019.png","http://localhost:4000/objects/10019.png",/items/10019.html#10019
"Universal Limited Art Editions","","","","","","","","","","","","","","","http://localhost:4000/objects/10019-01.jpg","http://localhost:4000/objects/10019-01.jpg",/items/10019.html#10019-01
"Lake Effect Editions","","","","Letter","","","","","","","","","","","http://localhost:4000/objects/10201.jpg","http://localhost:4000/objects/10201.jpg",/items/10201.html
"Chip Elwell","","","","Letter","","","","","","","","","","","http://localhost:4000/objects/10202.png","http://localhost:4000/objects/10202.png",/items/10202.html
"Lawrence Lithography Workshop","","","","Letter; Shape","","","","","","","","","","","http://localhost:4000/objects/10203.jpg","http://localhost:4000/objects/10203.jpg",/items/10203.html
"Kathryn Clark","","","","Letter; Shape","","","","","","","","","","","http://localhost:4000/objects/10204.jpeg","http://localhost:4000/objects/10204.jpeg",/items/10204.html
"Solstice Press","","","","Shape","","","","Schnelker, Rebecca. “American Print Workshops: A Survey.” The Tamarind Papers 12 (1989): 86-94. ","","","","","","","http://localhost:4000/objects/10205.png","http://localhost:4000/objects/10205.png",/items/10205.html
"Littleton Studios","","","","Image","","","","https://www.artpapers.org/harvey-littleton/","","","","","","","http://localhost:4000/objects/10206.jpeg","http://localhost:4000/objects/10206.jpeg",/items/10206.html

